State,District,Latitude,Longitude,District code,Population,Households_with_Internet,Housholds_with_Electric_Lighting,LPG_or_PNG_Households,sex_ratio,literacy_rate,Graduate_rate
Andhra Pradesh,Adilabad,19.284513950073435,78.81321233480176,532,2741239,5512,566108,194954,100.0,54.0,7.0
Andhra Pradesh,Anantapur,14.312065561843148,77.4601584478577,553,4081148,8606,897970,223016,98.0,57.0,6.0
Andhra Pradesh,Chittoor,13.33109263067696,78.92763898886037,554,4174064,13763,944555,324406,100.0,64.0,9.0
Andhra Pradesh,East Godavari,16.782718320784902,82.2432074720511,545,5154296,22411,1297273,479914,101.0,64.0,8.0
Andhra Pradesh,Guntur,15.884925767634847,80.58657614107885,548,4887813,19383,1186028,648568,100.0,61.0,7.0
Andhra Pradesh,Hyderabad,17.38971555555556,78.46668888888888,536,3943323,149034,869721,581509,95.0,73.0,19.0
Andhra Pradesh,Karimnagar,18.515483193277312,79.43765428571413,534,3776269,8831,926768,344667,101.0,58.0,12.0
Andhra Pradesh,Khammam,17.683921325051784,80.67008643892335,541,2797370,8628,668519,219710,101.0,58.0,10.0
Andhra Pradesh,Krishna,16.143872753151673,81.14805061000413,547,4517398,30438,1163932,632890,99.0,67.0,11.0
Andhra Pradesh,Kurnool,15.43759715142429,77.90086836581717,552,4053463,10081,816721,195001,99.0,52.0,5.0
Andhra Pradesh,Mahbubnagar,16.639546224256293,77.98933089244859,538,4053028,6153,757821,136843,98.0,48.0,5.0
Andhra Pradesh,Medak,17.889304978038055,78.13778901903379,535,3033288,8635,604719,163074,99.0,54.0,8.0
Andhra Pradesh,Nalgonda,17.113250515463907,79.16984453608244,539,3488809,7715,789225,228818,98.0,57.0,10.0
Andhra Pradesh,Nizamabad,18.429485849056604,78.07523490566035,533,2551335,5261,545913,186740,104.0,54.0,10.0
Andhra Pradesh,Prakasam,15.489039001601704,80.11665790176184,549,3397448,6151,763746,290947,98.0,56.0,7.0
Andhra Pradesh,Srikakulam,18.570900998697432,84.25874814010675,542,2703114,3988,615432,149554,101.0,55.0,8.0
Andhra Pradesh,Vizianagaram,18.28329696032972,83.45982854198873,543,2344474,4453,527736,140361,102.0,53.0,8.0
Andhra Pradesh,Warangal,18.01752608695651,79.87422028985509,540,3512576,12952,828077,237349,100.0,59.0,12.0
Andhra Pradesh,West Godavari,16.63297943925236,81.45912990654196,546,3936966,12050,1017568,435334,100.0,67.0,8.0
Arunachal Pradesh,Changlang,27.36048479338845,96.37552644628106,253,148226,170,14593,4762,93.0,49.0,5.0
Arunachal Pradesh,East Kameng,27.371194055944056,93.04741486013997,247,78690,57,5318,3583,103.0,49.0,6.0
Arunachal Pradesh,East Siang,28.15382352941176,95.06499226006191,251,99214,450,14231,4866,98.0,63.0,10.0
Arunachal Pradesh,Kurung Kumey,28.04853351800553,93.24531994459834,256,92076,95,3911,586,103.0,40.0,6.0
Arunachal Pradesh,Lohit,27.946785273972623,96.59670770547945,259,145726,312,17157,6549,91.0,57.0,6.0
Arunachal Pradesh,Lower Dibang Valley,28.32651730103806,95.76567335640142,258,54080,207,5932,3068,93.0,59.0,9.0
Arunachal Pradesh,Lower Subansiri,27.70849297297297,93.96226108108112,255,83030,381,12493,4211,98.0,65.0,10.0
Arunachal Pradesh,Papum Pare,27.273529716981127,93.54468183962264,248,176573,2477,30539,22966,98.0,69.0,11.0
Arunachal Pradesh,Tawang,27.680683962264148,91.82504245283016,245,49977,96,8635,3794,71.0,52.0,5.0
Arunachal Pradesh,Tirap,26.94406229508198,95.41470327868862,254,111975,98,16026,3104,94.0,43.0,4.0
Arunachal Pradesh,Upper Siang,28.8309244897959,95.00155765306124,252,35320,97,6198,1504,89.0,52.0,7.0
Arunachal Pradesh,Upper Subansiri,28.277196566523585,93.8991435622318,249,83448,139,5373,3123,100.0,54.0,9.0
Arunachal Pradesh,West Kameng,27.46486582278483,92.65015750452083,246,83947,202,14188,7133,82.0,58.0,6.0
Arunachal Pradesh,West Siang,28.106296920289843,94.53510344202908,250,112274,303,14204,6115,93.0,58.0,9.0
Assam,Barpeta,26.427872264631056,90.97912010178116,303,1693622,2078,84804,50806,95.0,53.0,5.0
Assam,Bongaigaon,26.45012521994133,90.6734296187684,319,738804,2523,49866,29937,97.0,59.0,5.0
Assam,Cachar,24.815570668693017,92.86849650455927,316,1736617,5316,140205,62135,96.0,68.0,4.0
Assam,Darrang,26.58463215962442,92.04141338028155,325,928500,1166,45444,17676,95.0,52.0,5.0
Assam,Dhemaji,27.586533438485816,94.71336908517353,308,686133,1192,28195,16547,95.0,62.0,7.0
Assam,Dibrugarh,27.30612284482757,95.0998282327587,310,1326335,8817,136685,76292,96.0,67.0,7.0
Assam,Goalpara,26.017277777777807,90.59869891598912,302,1008183,1364,78641,21455,96.0,56.0,3.0
Assam,Golaghat,26.377219709794485,93.82583397823468,313,1066888,3073,82345,40889,96.0,68.0,5.0
Assam,Hailakandi,24.457496089385486,92.59154664804475,318,659296,1211,44143,11035,95.0,62.0,3.0
Assam,Jorhat,26.76244824016563,94.30197722567289,312,1092256,5651,122063,71639,96.0,73.0,8.0
Assam,Kamrup,26.170939452054807,91.58863273972592,321,1517542,3109,122191,70272,95.0,66.0,6.0
Assam,Karbi Anglong,26.08966454598031,93.11536570271832,314,956313,1923,53918,18763,95.0,58.0,3.0
Assam,Karimganj,24.69660712250711,92.3679498575498,317,1228686,1933,70951,28261,96.0,65.0,3.0
Assam,Kokrajhar,26.497246635730868,90.13997470997688,300,887142,1218,41373,15089,96.0,55.0,4.0
Assam,Lakhimpur,27.14128805970149,94.0775949253732,307,1042137,1948,60296,32104,97.0,66.0,6.0
Assam,Nagaon,26.26462170626351,92.9306191144708,305,2823768,5121,195631,89206,96.0,61.0,4.0
Assam,Nalbari,26.46323767605632,91.40598521126763,323,771639,1631,68313,37849,95.0,69.0,7.0
Assam,Sonitpur,26.73514926829268,92.85197804878044,306,1924110,4358,133368,70047,96.0,58.0,5.0
Assam,Tinsukia,27.53549291139241,95.69055949367085,309,1327929,5135,161718,70471,95.0,60.0,5.0
Bihar,Araria,26.211528119180603,87.30766554934816,209,2811569,2561,43290,17004,92.0,43.0,3.0
Bihar,Aurangabad,24.774291867469877,84.45986024096379,235,2540073,2362,44456,24106,93.0,58.0,6.0
Bihar,Aurangabad,24.774291867469877,84.45986024096379,515,3701282,23258,589477,246324,92.0,68.0,10.0
Bihar,Banka,24.832355642023337,86.8664916342413,225,2034763,1704,62359,15459,91.0,47.0,4.0
Bihar,Begusarai,25.54302613168723,86.12560144032932,222,2970541,4644,120373,49493,89.0,52.0,7.0
Bihar,Bhagalpur,25.277192885375477,87.04213814229242,224,3037766,6764,174534,63241,88.0,52.0,8.0
Bihar,Bhojpur,25.50666439393939,84.49407803030304,231,2728407,3661,62153,45763,91.0,59.0,8.0
Bihar,Buxar,25.48593018867924,84.08808081760995,232,1706352,1784,46760,27362,92.0,58.0,6.0
Bihar,Darbhanga,26.146187719298258,85.97387352472099,215,3937385,6280,127442,59510,91.0,46.0,7.0
Bihar,Gaya,24.7266541547278,84.94291217765044,236,4391418,6856,112617,57738,94.0,52.0,6.0
Bihar,Gopalganj,26.44874364161851,84.34636127167629,217,2562012,3707,69375,31193,102.0,54.0,6.0
Bihar,Jamui,24.78418380462726,86.26316298200514,238,1760405,1839,32633,12984,92.0,49.0,3.0
Bihar,Jehanabad,25.155679045643165,84.9208124481328,239,1125313,1106,27641,15507,92.0,55.0,7.0
Bihar,Katihar,25.56565356037151,87.70466083591326,212,3071029,2941,60900,32570,92.0,42.0,4.0
Bihar,Khagaria,25.53558891454964,86.56593256351037,223,1666886,1580,40641,15401,89.0,46.0,5.0
Bihar,Kishanganj,26.324336758321294,87.95045007235886,210,1690400,1093,58718,11715,95.0,44.0,2.0
Bihar,Lakhisarai,25.183449321266963,86.12825701357468,227,1000912,1186,44491,12938,90.0,51.0,5.0
Bihar,Madhepura,25.77341929460581,86.8978443983403,213,2001762,1397,23236,12302,91.0,42.0,5.0
Bihar,Madhubani,26.41380538172716,86.16328360450552,207,4487379,5319,113281,47090,93.0,48.0,6.0
Bihar,Munger,25.198537962962963,86.54173672839504,226,1367765,2653,90461,49141,88.0,59.0,8.0
Bihar,Muzaffarpur,26.18664417177915,85.32745092024543,216,4801062,10290,180651,87796,90.0,52.0,6.0
Bihar,Nalanda,25.229345508982053,85.48053113772461,229,2877653,4156,101378,43761,92.0,53.0,9.0
Bihar,Nawada,24.825708836206903,85.61594568965519,237,2219146,1841,31162,20522,94.0,49.0,6.0
Bihar,Pashchim Champaran,27.16064352201258,84.30265911949685,203,3935042,3495,57546,38414,91.0,45.0,4.0
Bihar,Patna,25.40297114503818,85.3198433587787,230,5838465,40692,546859,321307,90.0,59.0,13.0
Bihar,Purba Champaran,26.68129336734693,85.00382155612242,204,5099371,7719,74979,52358,90.0,45.0,3.0
Bihar,Purnia,25.81714801901739,87.40447606973065,211,3264619,4170,86058,33688,92.0,41.0,5.0
Bihar,Rohtas,24.99170460829495,83.9350762672811,234,2959918,4594,114893,41659,92.0,61.0,9.0
Bihar,Saharsa,25.821270696721303,86.54670819672135,214,1900661,1668,41342,21651,91.0,42.0,6.0
Bihar,Samastipur,25.793205563909765,85.94833323308269,221,4261566,5379,88021,46123,91.0,50.0,6.0
Bihar,Saran,25.89656077844312,84.82266287425155,219,3951862,4509,94787,51822,95.0,55.0,7.0
Bihar,Sheikhpura,25.12472436548223,85.77839390862943,228,636342,631,20065,6803,93.0,52.0,6.0
Bihar,Sheohar,26.458380748663107,85.29539411764709,205,656246,478,10004,3983,89.0,43.0,4.0
Bihar,Sitamarhi,26.56570069686413,85.61172491289203,206,3423574,3460,66263,39465,90.0,42.0,5.0
Bihar,Siwan,26.1736372013652,84.33766552901022,218,3330464,3834,52935,42384,99.0,58.0,6.0
Bihar,Supaul,26.28157893772896,86.78496465201461,208,2229076,1845,51028,12111,93.0,46.0,4.0
Bihar,Vaishali,25.8134703180212,85.39247597173153,220,3495021,4810,70001,47300,89.0,55.0,6.0
Chandigarh,Chandigarh,30.7426,76.75872465753424,55,1055450,44283,231204,168344,82.0,76.0,22.0
Chhattisgarh,Bastar,19.393866751269048,81.52895126903546,414,1413199,1782,157646,22075,102.0,46.0,5.0
Chhattisgarh,Bilaspur,22.356942982456143,81.99770350877188,30,381956,1574,79146,17262,98.0,75.0,9.0
Chhattisgarh,Bilaspur,22.356942982456143,81.99770350877188,406,2663629,8566,519704,77727,97.0,60.0,8.0
Chhattisgarh,Dhamtari,20.554912627291245,81.7569195519348,412,799781,1016,148926,14568,101.0,68.0,6.0
Chhattisgarh,Durg,21.194463849287164,81.33181639511197,409,3343872,16141,614109,129193,99.0,69.0,9.0
Chhattisgarh,Jashpur,22.77286167664669,83.8703962075848,402,851669,567,76783,6628,101.0,58.0,5.0
Chhattisgarh,Korba,22.491712499999995,82.57604326923074,404,1206640,4544,202380,43357,97.0,62.0,8.0
Chhattisgarh,Koriya,23.50412776859501,82.12515636363635,400,658917,1667,80023,25605,97.0,60.0,7.0
Chhattisgarh,Mahasamund,21.223727037773354,82.65925427435384,411,1032754,961,212487,13200,102.0,62.0,5.0
Chhattisgarh,Raigarh,22.008265068493166,83.27797698630134,403,1493984,3342,297308,27771,99.0,64.0,7.0
Chhattisgarh,Raigarh,22.008265068493166,83.27797698630134,520,2634200,38570,547206,328277,96.0,74.0,11.0
Chhattisgarh,Raipur,20.88603153846152,82.20032759615388,410,4063872,20261,728556,166505,98.0,65.0,9.0
Chhattisgarh,Surguja,23.32719278728607,83.23582493887531,401,2359886,2737,253131,29433,98.0,50.0,5.0
Daman and Diu,Daman,20.431616666666677,72.8392366071429,495,191173,1316,49249,25844,53.0,79.0,6.0
Daman and Diu,Junagadh,20.72568199498111,70.83985639899612,479,2743082,6628,498326,144561,95.0,67.0,8.0
Goa,North Goa,15.548723418714054,73.80667997909038,585,818008,23440,173951,132612,96.0,81.0,13.0
Goa,South Goa,15.195278658183785,73.941792596877,586,640537,17624,138810,102191,99.0,78.0,11.0
Gujarat,Ahmadabad,22.605425564971743,72.23898135593227,474,7214225,126341,1456046,965017,90.0,75.0,15.0
Gujarat,Amreli,21.04832649310872,71.43457637825426,480,1514190,2538,273331,80378,96.0,66.0,5.0
Gujarat,Anand,22.282718206229863,72.57782051557454,482,2092745,9902,378310,147122,92.0,74.0,7.0
Gujarat,Banas Kantha,24.258538965517253,71.93205252873561,469,3120506,3424,396873,84832,94.0,55.0,4.0
Gujarat,Bharuch,21.75787276237761,72.67326346710801,488,1551019,10257,309091,121542,93.0,72.0,7.0
Gujarat,Bhavnagar,21.70219390341736,72.16272632761141,481,2880365,7297,500757,171327,93.0,66.0,5.0
Gujarat,Gandhinagar,23.193679790026252,72.67221679790026,473,1391753,12107,262539,132683,92.0,74.0,11.0
Gujarat,Jamnagar,22.410600414263328,69.62062005768233,477,2160119,11573,386538,142974,94.0,65.0,6.0
Gujarat,Junagadh,20.929523011609785,70.54733890140345,479,2743082,6628,498326,144561,95.0,67.0,8.0
Gujarat,Kachchh,23.48057203301311,68.82192301497916,468,2092371,9631,403294,140067,91.0,60.0,5.0
Gujarat,Kheda,22.88765312500002,73.018803515625,483,2299885,5710,372226,99982,94.0,72.0,5.0
Gujarat,Mahesana,23.529355452865065,72.45545194085031,471,2035064,7759,385609,180985,93.0,74.0,9.0
Gujarat,Narmada,21.70666386292833,73.68403208722742,487,590297,576,101940,12997,96.0,63.0,4.0
Gujarat,Navsari,20.866973318871995,72.86184869848157,490,1329672,6726,267679,114620,96.0,75.0,8.0
Gujarat,Panch Mahals,22.80435606837605,73.61984598290586,484,2390776,3456,398937,59096,95.0,60.0,5.0
Gujarat,Patan,23.80634198473284,71.75162977099237,470,1343734,2231,223424,66310,94.0,62.0,6.0
Gujarat,Porbandar,21.55092351651571,69.71896987722886,478,585449,1653,117040,41686,95.0,67.0,6.0
Gujarat,Rajkot,22.40603377715488,70.83679439383323,476,3804558,21785,747352,362140,93.0,72.0,10.0
Gujarat,Sabar Kantha,23.71803594548552,73.13638790459964,472,2428589,5262,438606,99037,95.0,65.0,7.0
Gujarat,Surat,21.25761372772093,72.93488716344339,492,6081322,55694,1252452,815423,79.0,75.0,8.0
Gujarat,Surendranagar,22.82672007299272,71.48358740875906,475,1756268,2975,302068,77857,93.0,62.0,5.0
Gujarat,The Dangs,20.801633877551023,73.6883518367347,489,228291,137,29794,2029,101.0,62.0,2.0
Gujarat,Vadodara,22.26133739279589,73.49433010291594,486,4165626,53606,798277,411734,93.0,69.0,11.0
Gujarat,Valsad,20.44238231644259,72.9148584798345,491,1705678,11020,329218,137209,92.0,69.0,8.0
Haryana,Ambala,30.3503672316384,76.94970310734456,70,1128350,12899,199681,121622,88.0,72.0,11.0
Haryana,Bhiwani,28.728868064516128,76.02110225806452,81,1634445,5292,266244,88938,89.0,65.0,10.0
Haryana,Faridabad,28.14873109756098,77.32718536585368,88,1809733,43437,333171,258422,87.0,70.0,20.0
Haryana,Fatehabad,29.57298318584072,75.54608716814157,78,942011,3210,153301,51693,90.0,59.0,7.0
Haryana,Gurgaon,28.043894789579163,77.01935130260523,86,1514432,67087,305751,238359,85.0,73.0,21.0
Haryana,Hisar,29.23628731117825,75.84324682779452,80,1743931,10132,285004,110495,87.0,64.0,9.0
Haryana,Jhajjar,28.59651868131869,76.61137142857145,83,958405,5034,168558,70149,86.0,71.0,9.0
Haryana,Jind,29.45149821958457,76.29598575667653,77,1334152,5263,222462,78386,87.0,62.0,8.0
Haryana,Kaithal,29.96068539094649,76.37698930041155,73,1074304,3724,187349,62668,88.0,60.0,8.0
Haryana,Karnal,29.703200647249204,76.87488025889972,74,1505324,11163,267223,143133,89.0,65.0,10.0
Haryana,Kurukshetra,30.05652659846548,76.78774680306903,72,964655,7356,171908,90150,89.0,67.0,11.0
Haryana,Mahendragarh,28.1352161458333,76.14018072916659,84,922088,2624,135455,45359,89.0,68.0,10.0
Haryana,Panchkula,30.700897142857134,76.97173238095236,69,561293,18615,103455,69687,87.0,72.0,21.0
Haryana,Panipat,29.34352134146342,76.92895914634147,75,1205437,10024,209965,121846,86.0,65.0,10.0
Haryana,Rewari,28.19164714828897,76.55956007604564,85,900332,5121,152651,62667,90.0,71.0,10.0
Haryana,Rohtak,28.892517647058817,76.53123235294117,82,1061204,8482,193120,94633,87.0,70.0,13.0
Haryana,Sirsa,29.63583446327684,74.90970480225988,79,1295189,6287,215527,70538,90.0,60.0,8.0
Himachal Pradesh,Bilaspur,31.3780422907489,76.65316079295157,30,381956,1574,79146,17262,98.0,75.0,9.0
Himachal Pradesh,Bilaspur,31.3780422907489,76.65316079295157,406,2663629,8566,519704,77727,97.0,60.0,8.0
Himachal Pradesh,Chamba,32.66741814595661,76.39354063116366,23,519080,1615,96082,21458,99.0,62.0,5.0
Himachal Pradesh,Hamirpur,31.67668481012659,76.49767088607594,28,454768,2521,104120,34978,110.0,79.0,10.0
Himachal Pradesh,Hamirpur,31.67668481012659,76.49767088607594,168,1104285,1196,55929,20175,86.0,59.0,9.0
Himachal Pradesh,Kangra,32.14093603238864,76.41205910931173,24,1510075,8053,330081,148361,101.0,76.0,8.0
Himachal Pradesh,Kinnaur,31.60667184065933,78.51613736263741,34,84121,354,17865,10740,82.0,72.0,8.0
Himachal Pradesh,Kullu,31.90911922077925,77.40922649350647,26,437903,2623,91322,40064,94.0,70.0,8.0
Himachal Pradesh,Mandi,31.635805940594054,76.96556930693067,27,999777,5333,214491,59324,101.0,72.0,7.0
Himachal Pradesh,Shimla,31.155725451807253,77.62573042168668,33,814010,9177,172754,108888,92.0,75.0,13.0
Himachal Pradesh,Sirmaur,30.682764453961443,77.43184689507493,32,529855,2220,91509,28904,92.0,68.0,6.0
Himachal Pradesh,Solan,31.03864311926604,76.94442140672783,31,580320,5250,119866,53722,88.0,74.0,9.0
Himachal Pradesh,Una,31.58330388349513,76.18353932038836,29,521173,2412,105929,43809,98.0,77.0,8.0
Jammu and Kashmir,Doda,33.359614675767915,76.07163720136518,16,409936,596,61831,7963,92.0,53.0,6.0
Jammu and Kashmir,Jammu,32.713199095022645,74.8477520361991,21,1529958,19905,294739,197168,88.0,74.0,13.0
Jammu and Kashmir,Kargil,33.565994894894914,76.63675315315312,4,140802,235,15824,3285,81.0,61.0,4.0
Jammu and Kashmir,Kathua,32.51781678321678,75.58901398601404,7,616435,1443,109422,32772,89.0,63.0,6.0
Jammu and Kashmir,Pulwama,33.88414418604652,75.00921860465118,12,560440,1537,73629,16828,91.0,52.0,11.0
Jammu and Kashmir,Punch,33.791241290322574,74.29593161290322,5,476835,346,62900,13160,89.0,55.0,5.0
Jammu and Kashmir,Srinagar,34.27312898550724,75.11021159420288,10,1236829,16413,165403,138119,90.0,61.0,16.0
Jammu and Kashmir,Udhampur,33.04770670731707,75.15286951219511,19,554985,1214,73999,20008,87.0,58.0,5.0
Jharkhand,Bokaro,23.6814965034965,85.98398374125864,355,2062330,9754,274726,67157,92.0,62.0,9.0
Jharkhand,Chatra,24.11619945750453,84.93295804701627,347,1042886,590,27037,5307,95.0,49.0,4.0
Jharkhand,Deoghar,24.33070100755672,86.75697632241814,350,1492073,1944,130193,26760,93.0,53.0,6.0
Jharkhand,Dhanbad,23.854509090909097,86.40372924901185,354,2684487,11568,427173,83995,91.0,64.0,6.0
Jharkhand,Dumka,24.275006125574265,87.27662450229711,362,1321442,1193,62110,11836,98.0,51.0,4.0
Jharkhand,Garhwa,24.082114689265527,83.68664265536722,346,1322784,565,29373,6798,94.0,49.0,4.0
Jharkhand,Giridih,24.30578509874329,86.08710915619386,349,2445474,1944,125431,16909,94.0,51.0,4.0
Jharkhand,Godda,24.8189,87.2941735483871,351,1313551,874,43230,7421,94.0,46.0,5.0
Jharkhand,Gumla,23.078532948929148,84.55056787479396,366,1025213,831,31687,9108,99.0,55.0,4.0
Jharkhand,Jamtara,23.97873318077801,86.95325080091534,363,791042,808,49419,5564,95.0,54.0,3.0
Jharkhand,Latehar,23.72511185840708,84.48298743362837,359,726978,340,38194,2177,97.0,48.0,4.0
Jharkhand,Lohardaga,23.488796043165483,84.6605169064748,356,461790,351,28769,8016,99.0,56.0,5.0
Jharkhand,Pakur,24.57260428082189,87.69691969178076,353,900422,328,31414,5316,99.0,39.0,3.0
Jharkhand,Palamu,24.196925968109337,84.20310842824594,358,1939869,2155,68238,17270,93.0,53.0,6.0
Jharkhand,Ranchi,23.184235061391547,85.31781937244203,364,2914253,22538,350908,164237,95.0,66.0,10.0
Jharkhand,Sahibganj,24.93667989690721,87.68264097938142,352,1150567,591,34879,11545,95.0,42.0,4.0
Jharkhand,Simdega,22.608760391198054,84.59193691931536,367,599578,423,16865,3472,100.0,57.0,4.0
Karnataka,Bagalkot,16.15860676328503,75.64526070853468,556,1889752,3745,301389,49345,99.0,59.0,7.0
Karnataka,Bangalore Rural,12.936827087794448,77.47369314775169,583,990923,3729,214253,77454,95.0,70.0,7.0
Karnataka,Belgaum,16.16107219152853,74.72329042357275,555,4779661,17560,808827,240742,97.0,64.0,7.0
Karnataka,Bellary,15.074377548209377,76.47228471074374,565,2452595,9626,440374,114040,98.0,58.0,6.0
Karnataka,Bidar,17.950361730769224,77.19459961538459,558,1703300,3971,271439,34924,96.0,61.0,5.0
Karnataka,Bijapur,16.84015316666667,75.95909166666665,417,255230,117,12516,1022,98.0,34.0,4.0
Karnataka,Bijapur,16.84015316666667,75.95909166666665,557,2177331,4987,326594,58890,96.0,57.0,8.0
Karnataka,Chikmagalur,13.425288289676422,75.67626502311249,570,1137961,4510,238505,74534,101.0,72.0,9.0
Karnataka,Chitradurga,14.29102220394736,76.57821957236843,566,1659456,5711,307257,60522,97.0,66.0,7.0
Karnataka,Davanagere,14.330414586709884,75.91723841166937,567,1945497,7320,372671,100812,97.0,67.0,9.0
Karnataka,Dharwad,15.343831376975173,75.13831264108359,562,1847023,15013,347962,140584,97.0,70.0,11.0
Karnataka,Gadag,15.507128256880746,75.64861302752298,561,1064570,3373,198064,31959,98.0,66.0,6.0
Karnataka,Gulbarga,17.070459515951594,76.87503850385033,579,2566326,9752,404767,77334,97.0,56.0,7.0
Karnataka,Hassan,12.945098749999998,76.11049549999997,574,1776421,4851,400702,90599,101.0,69.0,8.0
Karnataka,Haveri,14.737582809224318,75.3961230607966,564,1597668,2456,295937,41517,95.0,68.0,5.0
Karnataka,Kodagu,12.39684468085106,75.79336595744688,576,554519,3308,113931,40958,102.0,74.0,10.0
Karnataka,Kolar,13.312799881235172,78.01376947743476,581,1536401,5051,309494,72407,98.0,66.0,7.0
Karnataka,Koppal,15.651253271028034,76.1617048598131,560,1389920,2135,223166,31673,99.0,58.0,5.0
Karnataka,Mandya,12.574901806239744,76.81570098522172,573,1805769,3367,391033,80452,100.0,64.0,9.0
Karnataka,Mysore,12.248100259403367,76.52881802853437,577,3001127,28397,640868,273706,99.0,65.0,11.0
Karnataka,Raichur,16.050795353982295,76.87368606194688,559,1928812,5200,314547,51443,100.0,51.0,5.0
Karnataka,Shimoga,14.063845885634592,75.17882078103197,568,1752753,8791,363835,128087,100.0,72.0,9.0
Karnataka,Tumkur,13.592467760074973,77.02297966260545,571,2678980,7971,562769,116539,98.0,68.0,8.0
Karnataka,Udupi,13.450404228534568,74.72009990316337,569,1177361,9070,224814,83810,109.0,79.0,12.0
Kerala,Alappuzha,9.542602965599087,76.38010796263319,598,2127789,28842,507913,274392,110.0,87.0,11.0
Kerala,Ernakulam,10.004879301987431,76.26957729035381,595,3282388,88737,771287,499291,103.0,87.0,15.0
Kerala,Idukki,9.80480963855423,77.04586641566264,596,1108974,8250,244844,54626,101.0,83.0,9.0
Kerala,Kannur,11.941523076923056,75.35209891725934,589,2523003,32653,511167,115356,114.0,85.0,10.0
Kerala,Kasaragod,12.33310309912974,75.07768497134369,588,1307375,10378,237670,74092,108.0,79.0,7.0
Kerala,Kollam,8.929388820570157,76.6360775852431,600,2635375,31542,630767,263148,111.0,85.0,10.0
Kerala,Kottayam,9.643701174068417,76.46059673302705,597,1974551,37849,464039,187213,104.0,89.0,13.0
Kerala,Kozhikode,11.392924270557026,75.71158720159153,591,3086293,36791,641660,145558,110.0,85.0,10.0
Kerala,Malappuram,10.97329875666072,75.93910775606876,592,4112920,27909,730119,139994,110.0,81.0,6.0
Kerala,Palakkad,10.784926903553291,76.49980490693744,593,2809934,27162,587583,178386,107.0,80.0,8.0
Kerala,Thiruvananthapuram,8.537101759082221,76.88711502868073,601,3301427,71621,783872,343590,109.0,84.0,14.0
Kerala,Thrissur,10.458932647907687,76.12321940836945,594,3121200,56148,721625,338350,111.0,86.0,13.0
Kerala,Wayanad,11.715277464788736,76.07587007042254,590,817420,4712,149864,23028,103.0,79.0,8.0
Madhya Pradesh,Anuppur,23.18184220430107,81.86560000000007,461,749237,1290,81338,23388,98.0,58.0,7.0
Madhya Pradesh,Ashoknagar,24.63098846153845,77.82974493927134,459,845071,619,84720,15886,90.0,56.0,5.0
Madhya Pradesh,Balaghat,21.80020720640569,80.42170053380796,457,1701698,1712,277927,27283,102.0,67.0,6.0
Madhya Pradesh,Barwani,21.702135714285724,74.91004719710673,441,1385881,1158,181139,30115,98.0,40.0,6.0
Madhya Pradesh,Betul,21.964626315789477,77.7873428189117,447,1575362,2109,230974,45270,97.0,60.0,9.0
Madhya Pradesh,Bhind,26.35951126187245,78.7618324287653,420,1703005,1166,107819,32268,84.0,64.0,5.0
Madhya Pradesh,Bhopal,23.480726143790854,77.39246623093679,444,2371061,40788,452912,281442,92.0,70.0,16.0
Madhya Pradesh,Burhanpur,21.364567254408065,76.24460478589425,467,757847,986,112420,40478,95.0,54.0,7.0
Madhya Pradesh,Chhatarpur,24.813637376460004,79.56449299191374,425,1762375,1880,176056,36506,88.0,54.0,6.0
Madhya Pradesh,Chhindwara,22.227966971713823,78.76413136439254,455,2090922,3588,344875,73284,96.0,62.0,9.0
Madhya Pradesh,Damoh,23.76624407960196,79.47049303482588,428,1264219,1432,187731,23270,91.0,59.0,6.0
Madhya Pradesh,Datia,25.90226439560441,78.63916571428574,422,786754,616,97696,17555,87.0,62.0,7.0
Madhya Pradesh,Dewas,22.7851110021322,76.46088805970157,437,1563715,3518,270457,59521,94.0,59.0,6.0
Madhya Pradesh,Dhar,22.572681718963157,75.1105620736698,438,2185793,2388,349639,75637,96.0,49.0,6.0
Madhya Pradesh,Dindori,22.83738437047757,81.04332966714911,453,704524,554,62372,4576,100.0,54.0,4.0
Madhya Pradesh,Guna,24.49043927178156,77.2235895968791,458,1241519,2482,144248,34184,91.0,53.0,6.0
Madhya Pradesh,Gwalior,26.04074441964285,78.12782433035713,421,2032036,15779,306859,165061,86.0,67.0,14.0
Madhya Pradesh,Harda,22.227659781121783,77.07022571819435,448,570465,986,95066,22174,93.0,62.0,8.0
Madhya Pradesh,Hoshangabad,22.595268801996703,78.02168094841929,449,1241350,2871,198076,61415,91.0,65.0,10.0
Madhya Pradesh,Indore,22.680265752128648,75.9133801324502,439,3276697,48691,593576,417170,93.0,70.0,17.0
Madhya Pradesh,Jabalpur,23.18525572327043,79.98328754716981,451,2463289,20443,452023,192581,93.0,71.0,13.0
Madhya Pradesh,Jhabua,22.419578015397768,74.40921616766468,464,1025048,744,125411,16683,99.0,34.0,6.0
Madhya Pradesh,Katni,23.724416229116937,80.33819665871127,450,1292042,2179,172416,38086,95.0,61.0,7.0
Madhya Pradesh,Mandla,22.70348712446353,80.38600543633753,454,1054905,912,143803,18413,101.0,57.0,6.0
Madhya Pradesh,Mandsaur,24.19278764044944,75.43588667736759,433,1340411,2324,239885,47723,96.0,62.0,6.0
Madhya Pradesh,Morena,26.37313504531724,77.88447341389724,419,1965970,1781,131486,45113,84.0,60.0,6.0
Madhya Pradesh,Neemuch,24.70311893333336,75.06608186666664,432,826067,1945,145258,34666,95.0,62.0,8.0
Madhya Pradesh,Panna,24.451325840092657,80.21133001158752,426,1016520,653,76097,13285,91.0,54.0,5.0
Madhya Pradesh,Raisen,23.292518206521724,78.16305495923909,446,1331597,1141,194373,34499,90.0,62.0,6.0
Madhya Pradesh,Rajgarh,23.785499026425583,76.66431223922116,442,1545814,1611,231130,30688,96.0,52.0,6.0
Madhya Pradesh,Ratlam,23.503562290502792,75.14895782122909,434,1455069,3644,213825,67830,97.0,57.0,8.0
Madhya Pradesh,Rewa,24.861184625158856,81.57572465057183,430,2365106,3406,251132,45180,93.0,61.0,8.0
Madhya Pradesh,Sagar,23.800318709677374,78.71940357771273,427,2378458,4546,366494,68482,89.0,65.0,8.0
Madhya Pradesh,Satna,24.62777621776502,80.75547048710598,429,2228935,3754,294702,55196,93.0,62.0,8.0
Madhya Pradesh,Sehore,22.9297199679658,77.06780202883085,445,1311332,1566,212138,30868,92.0,60.0,6.0
Madhya Pradesh,Seoni,22.33230487804874,79.66053863928111,456,1379131,1182,228695,26893,98.0,63.0,6.0
Madhya Pradesh,Shahdol,23.44859864559819,81.4596831828442,460,1066063,1733,113184,24255,97.0,57.0,8.0
Madhya Pradesh,Shajapur,23.566620317220547,76.33555181268885,436,1512681,1382,232735,32204,94.0,59.0,5.0
Madhya Pradesh,Sheopur,25.78014810996563,77.16911116838484,418,687861,273,74770,11701,90.0,48.0,5.0
Madhya Pradesh,Shivpuri,25.37802451874367,77.74861600810549,423,1726050,1852,148128,35706,88.0,52.0,5.0
Madhya Pradesh,Sidhi,24.17547189952905,82.1053783359498,462,1127033,837,102228,9569,96.0,53.0,6.0
Madhya Pradesh,Tikamgarh,25.14099852104666,78.89357064846428,424,1445166,1090,132725,21489,90.0,52.0,5.0
Madhya Pradesh,Ujjain,23.319288862745065,75.80383717647058,435,1986864,7501,323379,123526,96.0,62.0,9.0
Madhya Pradesh,Umaria,23.59601063063061,80.90879477477475,431,644758,839,67975,12713,95.0,55.0,5.0
Madhya Pradesh,Vidisha,23.82838307984792,77.9013507604563,443,1458875,1926,181510,41617,90.0,59.0,7.0
Maharashtra,Akola,20.746310479041902,77.12122320359276,501,1813906,6163,314490,107463,95.0,78.0,8.0
Maharashtra,Amravati,21.16520991810736,77.67583503184723,503,2888445,9438,512492,175917,95.0,78.0,9.0
Maharashtra,Aurangabad,20.0979228832952,75.32072196796334,235,2540073,2362,44456,24106,93.0,58.0,6.0
Maharashtra,Aurangabad,20.0979228832952,75.32072196796334,515,3701282,23258,589477,246324,92.0,68.0,10.0
Maharashtra,Bhandara,21.211792649727748,80.10950199637024,506,1200334,2932,227025,55948,98.0,75.0,7.0
Maharashtra,Bid,18.952353340080982,75.69319706477731,523,2585049,5614,402052,82098,92.0,66.0,8.0
Maharashtra,Buldana,20.56680611183355,76.39017880364096,500,2586258,4767,423036,103898,93.0,73.0,6.0
Maharashtra,Chandrapur,20.095609090909075,79.31556380471388,509,2204307,8239,418666,172661,96.0,72.0,8.0
Maharashtra,Dhule,21.274018690400517,74.58719071837263,498,2050862,6065,315332,126138,95.0,63.0,9.0
Maharashtra,Gondiya,21.225008411214997,80.17522698598128,507,1322507,2866,239981,38044,100.0,76.0,6.0
Maharashtra,Hingoli,19.59525302245251,77.09239412780653,512,1177345,1221,159114,27700,94.0,67.0,5.0
Maharashtra,Jalgaon,20.8828943415638,75.55140421810695,499,4229917,14297,720791,350029,92.0,68.0,8.0
Maharashtra,Jalna,19.984612534818933,75.98473607242339,514,1959046,3791,288895,60219,94.0,61.0,5.0
Maharashtra,Kolhapur,16.44881301587301,74.12897150793648,530,3876001,22269,770005,340318,96.0,73.0,12.0
Maharashtra,Latur,18.348687268993856,76.75812607802874,524,2454196,6217,381722,96018,93.0,67.0,9.0
Maharashtra,Nagpur,21.196556862745105,79.02166176470584,505,4653570,57964,917626,599780,95.0,79.0,13.0
Maharashtra,Nanded,19.209316983017,77.6829048951049,511,3361292,7548,488748,116284,94.0,65.0,7.0
Maharashtra,Nandurbar,21.523175625248147,74.32638757443429,497,1648295,2579,186202,54335,98.0,55.0,6.0
Maharashtra,Nashik,20.266912871287143,74.03824168316828,516,6107187,45039,904710,536781,93.0,71.0,9.0
Maharashtra,Osmanabad,18.19459456066944,75.99495575313809,525,1657576,3209,240042,49180,92.0,69.0,9.0
Maharashtra,Parbhani,19.31032425249168,76.70163338870431,513,1836086,3982,272486,59272,95.0,63.0,7.0
Maharashtra,Pune,18.51696171428573,74.12922881632647,521,9429408,235018,1925019,1410448,91.0,76.0,15.0
Maharashtra,Raigarh,18.453257637845976,73.0090609418579,403,1493984,3342,297308,27771,99.0,64.0,7.0
Maharashtra,Raigarh,18.453257637845976,73.0090609418579,520,2634200,38570,547206,328277,96.0,74.0,11.0
Maharashtra,Ratnagiri,17.210195070127703,73.25725893866404,528,1615069,7752,367352,100860,112.0,74.0,5.0
Maharashtra,Sangli,17.154930181086502,74.70713822937628,531,2822143,13212,485126,227034,97.0,73.0,10.0
Maharashtra,Satara,17.6737908974359,74.18052064102558,527,3003741,14093,562653,271186,99.0,74.0,11.0
Maharashtra,Sindhudurg,16.170948049777163,73.51329008172343,529,849651,3517,194228,42540,104.0,78.0,7.0
Maharashtra,Solapur,17.837357937584812,75.42394823609216,526,4317756,15145,595560,248255,94.0,67.0,8.0
Maharashtra,Thane,19.698767747440264,72.79882742564581,517,11060148,256170,2231800,1610460,89.0,74.0,12.0
Maharashtra,Wardha,20.80743024390242,78.57259105691062,504,1300774,4313,266155,114029,95.0,78.0,9.0
Maharashtra,Washim,20.282282394366213,77.25502394366208,502,1197160,1875,196022,36840,93.0,73.0,6.0
Maharashtra,Yavatmal,20.04258346738159,78.05326371760479,510,2772348,6094,446516,134500,95.0,73.0,6.0
Manipur,Bishnupur,24.50712111801243,93.8246236024845,275,237399,676,34364,11393,100.0,66.0,13.0
Manipur,Chandel,24.2635812987013,94.09443844155844,280,144182,184,18764,1424,93.0,63.0,9.0
Manipur,Churachandpur,24.30309718875504,93.38671506024085,274,274143,837,29894,13371,97.0,71.0,7.0
Manipur,Senapati,25.08465586034914,94.03366234413956,272,479148,256,22798,2430,94.0,55.0,9.0
Manipur,Tamenglong,24.98312942238265,93.49450740072204,273,140651,125,11541,1229,94.0,60.0,8.0
Manipur,Thoubal,24.545392553191498,93.97959893617023,276,422168,880,49507,15994,100.0,64.0,11.0
Manipur,Ukhrul,25.05900314960629,94.44129566929138,279,183998,276,14026,1659,94.0,71.0,12.0
Meghalaya,East Garo Hills,25.82728228228228,90.64684924924916,294,317917,288,24550,1839,97.0,60.0,1.0
Meghalaya,East Khasi Hills,25.303763888888884,91.75922519841272,298,825922,5032,135941,41496,101.0,70.0,11.0
Meghalaya,Jaintia Hills,25.33959557069844,92.37608160136298,299,395124,510,41677,7150,101.0,47.0,4.0
Meghalaya,South Garo Hills,25.240568578553614,90.64560349127176,295,142334,179,10940,482,95.0,58.0,1.0
Meghalaya,West Garo Hills,25.495285185185185,90.03709947089942,293,643291,1630,51301,10006,98.0,56.0,3.0
Meghalaya,West Khasi Hills,25.500889926739926,91.25364542124538,296,383461,149,32873,476,98.0,60.0,3.0
Mizoram,Aizawl,23.90781335453101,92.85359459459472,283,400309,4019,79804,64710,101.0,85.0,9.0
Mizoram,Champhai,23.54166580976866,93.24221799485862,284,125745,186,23948,9115,98.0,80.0,4.0
Mizoram,Kolasib,24.2020004347826,92.73470391304348,282,83955,367,14853,8787,96.0,78.0,4.0
Mizoram,Lawngtlai,22.36102843137253,92.66964156862753,287,117894,162,9283,5213,95.0,53.0,4.0
Mizoram,Lunglei,23.007717036172675,92.63512555425892,286,161428,482,26394,14037,95.0,75.0,5.0
Mizoram,Mamit,23.73852942502819,92.4330803833147,281,86364,90,12158,4010,93.0,70.0,3.0
Mizoram,Saiha,22.35744801061008,93.02827931034489,288,56574,168,7400,4783,98.0,75.0,5.0
Mizoram,Serchhip,23.263864705882344,92.914158496732,285,64937,131,12315,5511,98.0,84.0,4.0
Nagaland,Dimapur,25.814176811594223,93.75074057971014,265,378811,3303,71413,42378,92.0,73.0,10.0
Nagaland,Kohima,25.60311428571428,93.78600657596373,270,267988,1928,50724,20712,93.0,74.0,12.0
Nagaland,Mokokchung,26.478911764705888,94.522426006192,262,194622,537,40154,7236,93.0,82.0,6.0
Nagaland,Mon,26.69207374301676,95.03072988826828,261,250260,178,14398,1080,90.0,48.0,1.0
Nagaland,Phek,25.63272986577182,94.56814563758392,266,163418,170,36182,2073,95.0,65.0,6.0
Nagaland,Tuensang,26.21104453280316,94.85809880715708,267,196596,155,24998,773,93.0,60.0,2.0
Nagaland,Wokha,26.202611551155112,94.1990815181518,264,166343,198,25268,3228,97.0,77.0,6.0
Nagaland,Zunheboto,26.028178205128206,94.50026666666668,263,140757,261,28846,1433,98.0,73.0,5.0
Orissa,Baleshwar,21.48570932311624,87.08085828011933,377,2320529,7370,296834,36478,96.0,70.0,7.0
Orissa,Bhadrak,20.95262735257214,86.81496204516931,378,1506337,2637,164636,15864,98.0,73.0,6.0
Orissa,Cuttack,20.407640646029623,85.7776810228802,381,2624470,15046,349587,103177,94.0,77.0,9.0
Orissa,Dhenkanal,20.79887159353349,85.53226836027711,383,1192811,1810,117172,19846,95.0,70.0,5.0
Orissa,Gajapati,19.121080882352945,84.14015091911759,389,577817,635,63112,12035,104.0,45.0,5.0
Orissa,Ganjam,19.2632617564534,84.80297710437702,388,3529031,9049,405298,120191,98.0,63.0,4.0
Orissa,Jharsuguda,21.827058566978184,83.93581682242987,371,579505,2498,81433,18950,95.0,70.0,5.0
Orissa,Kalahandi,19.784253092783523,83.1124043814433,395,1576869,1953,91171,17610,100.0,51.0,3.0
Orissa,Kandhamal,20.092878624813142,84.02216352765326,390,733110,768,28736,6938,104.0,55.0,4.0
Orissa,Kendrapara,20.606319815982264,86.83763247572003,379,1440361,1628,173107,15879,101.0,76.0,7.0
Orissa,Khordha,20.054162322274863,85.52234834123229,386,2251673,35701,349860,160277,93.0,78.0,14.0
Orissa,Koraput,18.82627794779476,82.81278469846964,398,1379647,3988,85766,39631,103.0,41.0,5.0
Orissa,Malkangiri,18.25227930367506,81.98293636363628,399,613192,448,24604,4738,102.0,40.0,2.0
Orissa,Mayurbhanj,21.897621545157754,86.4030408052231,376,2519738,2950,140189,29031,101.0,54.0,5.0
Orissa,Nayagarh,20.192895622119817,85.05614700460825,385,962789,1163,124984,11159,92.0,71.0,5.0
Orissa,Nuapada,20.471309512195116,82.59152536585364,394,610382,757,43976,6414,102.0,49.0,3.0
Orissa,Puri,19.83509174603177,85.86698989898981,387,1698730,3416,201605,33331,96.0,76.0,7.0
Orissa,Rayagada,19.292840020060204,83.45860120361095,396,967911,1553,61543,24924,105.0,42.0,4.0
Orissa,Sambalpur,21.515752380952385,84.34958483245157,372,1041099,5231,126498,33612,98.0,68.0,7.0
Orissa,Sundargarh,22.06354819277107,84.50524819277099,374,2093437,12787,223537,77581,97.0,64.0,7.0
Puducherry,Karaikal,10.876161726078813,79.82369793621002,637,200222,1868,47880,28366,105.0,77.0,12.0
Puducherry,Mahe,12.006420793787758,75.28275021570326,636,41816,574,7150,3632,118.0,87.0,12.0
Puducherry,Yanam,16.707695652173904,82.26187304347832,634,55626,207,12859,10399,104.0,71.0,10.0
Punjab,Amritsar,31.548679820627772,74.79883856502238,49,2490656,29961,461231,279993,89.0,68.0,8.0
Punjab,Bathinda,30.190524611973352,75.05685898004438,46,1388525,11284,255650,118427,87.0,61.0,8.0
Punjab,Faridkot,30.591187250996025,74.79751553784862,45,617508,4348,113549,62103,89.0,62.0,8.0
Punjab,Fatehgarh Sahib,30.64290947368421,76.36208394736842,40,600163,5138,113683,64037,87.0,71.0,8.0
Punjab,Firozpur,30.63407535211269,74.40245732394365,43,2029074,10042,349662,141899,89.0,60.0,7.0
Punjab,Gurdaspur,32.04283371212125,75.3204064393939,35,2298323,14428,411216,244468,90.0,71.0,6.0
Punjab,Hoshiarpur,31.55157169811319,75.8469857442349,38,1586625,13747,319930,201675,96.0,76.0,8.0
Punjab,Jalandhar,31.250336907216507,75.54400350515463,37,2193590,39082,446200,299449,92.0,74.0,10.0
Punjab,Kapurthala,31.336592638036837,75.47641165644177,36,815168,9732,161206,110555,91.0,71.0,8.0
Punjab,Ludhiana,30.76596397379912,75.83110851528383,41,3498739,58589,703624,488757,87.0,73.0,11.0
Punjab,Mansa,29.919547714285724,75.4304922857143,47,769751,2673,140099,39414,88.0,55.0,6.0
Punjab,Moga,30.756540067340065,75.1600845117845,42,995746,7897,183396,89445,89.0,63.0,6.0
Punjab,Muktsar,30.31243303303303,74.5518747747748,44,901896,4571,166585,76441,90.0,58.0,7.0
Punjab,Patiala,30.214540380693364,76.27505893949697,48,1895686,24274,352929,209192,89.0,67.0,11.0
Punjab,Rupnagar,30.910937330754347,76.53743500967126,51,684627,6600,129123,67749,92.0,73.0,8.0
Punjab,Sangrur,30.185045204336895,75.89437014178496,53,1655169,10736,305557,135280,89.0,61.0,7.0
Rajasthan,Ajmer,26.199300378787903,74.6990419191919,119,2583052,13499,393498,171799,95.0,59.0,11.0
Rajasthan,Alwar,27.55271738035265,76.65359630562563,104,3674179,9750,485723,123478,89.0,59.0,10.0
Rajasthan,Banswara,23.453642032967014,74.44246868131869,125,1797485,2324,120603,34189,98.0,46.0,6.0
Rajasthan,Baran,24.98023243243244,76.86210651828291,128,1222755,1363,161310,32685,93.0,57.0,7.0
Rajasthan,Barmer,25.77070908045978,71.50297126436782,115,2603751,2766,126494,39580,90.0,46.0,3.0
Rajasthan,Bharatpur,27.32411858037578,77.21752077244258,105,2548462,4179,288723,61113,88.0,58.0,9.0
Rajasthan,Bhilwara,25.45119767759564,74.63947595628417,122,2408523,6207,373644,93768,97.0,52.0,8.0
Rajasthan,Bikaner,28.12489068322981,73.26943322981371,101,2363937,7607,220793,108812,91.0,54.0,8.0
Rajasthan,Bundi,25.48580716049379,75.79984074074079,121,1110906,1392,136969,33406,92.0,53.0,7.0
Rajasthan,Chittaurgarh,24.631623761665463,74.80010997846382,126,1544338,4941,268172,59190,97.0,53.0,8.0
Rajasthan,Churu,28.29330375536484,74.65846427038629,102,2039547,2577,231696,74197,94.0,56.0,7.0
Rajasthan,Dausa,26.91234817629181,76.57342097264443,109,1634409,1719,195277,35600,91.0,57.0,10.0
Rajasthan,Dhaulpur,26.72397054945053,77.74476219780222,106,1206516,1330,96086,24561,85.0,57.0,6.0
Rajasthan,Dungarpur,23.75104807692308,73.84765641025645,124,1388552,1477,141275,26351,99.0,49.0,6.0
Rajasthan,Ganganagar,29.256785412667963,73.56192303262948,99,1969168,6295,283142,88543,89.0,61.0,9.0
Rajasthan,Hanumangarh,29.1813351791531,74.74632573289902,100,1774692,3360,243163,55515,91.0,58.0,8.0
Rajasthan,Jaipur,27.033459290187885,75.77117286012533,110,6626178,76565,990085,570997,91.0,65.0,16.0
Rajasthan,Jaisalmer,26.86900838548185,71.18371877346682,114,669919,754,43141,12431,85.0,46.0,3.0
Rajasthan,Jalor,25.07578093797277,72.18647261724662,116,1828730,1585,161845,39745,95.0,45.0,3.0
Rajasthan,Jhalawar,24.24725541474657,76.11242891705065,129,1411129,1750,220428,38909,95.0,52.0,6.0
Rajasthan,Jhunjhunun,28.13517401247401,75.52840893970894,103,2137045,4828,297559,131987,95.0,64.0,12.0
Rajasthan,Jodhpur,26.678460838536967,73.00450847457628,113,3687165,19335,408808,197135,92.0,55.0,9.0
Rajasthan,Karauli,26.51901555555556,76.96081818181815,107,1458248,1059,132079,28296,86.0,55.0,8.0
Rajasthan,Kota,25.175718080000014,76.18618928000001,127,1951014,12843,339899,165563,91.0,67.0,13.0
Rajasthan,Nagaur,27.07862016048146,74.14215667001012,112,3307743,4449,347344,97267,95.0,53.0,7.0
Rajasthan,Pali,25.80490393541874,73.55285640766907,118,2037573,4043,326793,94821,99.0,53.0,6.0
Rajasthan,Rajsamand,25.24894767441859,73.96570215946844,123,1156597,1989,193276,36073,99.0,54.0,6.0
Rajasthan,Sawai Madhopur,26.251081180223288,76.4219283891548,108,1335551,1887,140947,40116,90.0,56.0,10.0
Rajasthan,Sikar,27.64644058641976,75.29317422839503,111,2677333,5647,339457,131342,95.0,62.0,11.0
Rajasthan,Sirohi,24.7976905263158,72.75309131578943,117,1036346,2146,134089,47182,94.0,46.0,6.0
Rajasthan,Tonk,26.153935071707927,75.79192216427637,120,1421326,1908,158264,32359,95.0,53.0,9.0
Rajasthan,Udaipur,24.44076752136749,73.84029839743584,130,3068420,14211,357846,128320,96.0,52.0,9.0
Sikkim,East,27.29600352941175,88.74908392156858,93,1709346,80037,352758,327253,88.0,79.0,18.0
Tamil Nadu,Ariyalur,11.190514836795256,79.22249643916912,616,754894,1749,177502,39642,101.0,64.0,12.0
Tamil Nadu,Chennai,13.058098905608748,80.28139151846806,603,4646732,217368,1096334,910262,99.0,81.0,24.0
Tamil Nadu,Coimbatore,10.871376995940452,77.07619012178621,632,3458045,63273,896325,675153,100.0,76.0,17.0
Tamil Nadu,Cuddalore,11.57587300613498,79.63002365371497,617,2605914,15396,598412,244610,99.0,70.0,13.0
Tamil Nadu,Dharmapuri,12.300141200000006,78.11509813333339,630,1506843,3651,337972,104785,95.0,61.0,12.0
Tamil Nadu,Dindigul,10.377801390820574,77.78011279554937,612,2159775,9155,500057,209640,100.0,69.0,11.0
Tamil Nadu,Erode,11.267012155963302,77.42034334862392,610,2251744,18604,595211,371015,99.0,66.0,14.0
Tamil Nadu,Kancheepuram,12.496424756511884,80.08820360135913,604,3998252,100322,961161,622095,99.0,75.0,17.0
Tamil Nadu,Kanniyakumari,8.183466300191206,77.32053064053538,629,1870374,15673,465692,199188,102.0,83.0,16.0
Tamil Nadu,Karur,10.79532776617955,78.08749686847604,613,1064493,4915,264949,135831,102.0,68.0,12.0
Tamil Nadu,Madurai,9.904313833333331,78.01366033333332,623,3038252,34097,754141,391821,99.0,75.0,16.0
Tamil Nadu,Nagapattinam,10.789468161718286,79.79437299431483,618,1616450,5585,381940,143846,103.0,75.0,10.0
Tamil Nadu,Namakkal,11.33766638477801,78.14624841437633,609,1726601,8960,441044,265276,99.0,68.0,14.0
Tamil Nadu,Perambalur,11.260137758112096,78.86034011799416,615,565223,1507,135751,49390,100.0,66.0,12.0
Tamil Nadu,Pudukkottai,10.130514816433578,79.05444484265728,621,1618345,4494,354493,82967,101.0,69.0,10.0
Tamil Nadu,Ramanathapuram,9.31286995153476,78.99185362412462,626,1353445,5172,291400,100484,98.0,72.0,10.0
Tamil Nadu,Salem,11.629324202127655,78.2478257978723,608,3482056,20660,835377,448968,95.0,66.0,13.0
Tamil Nadu,Sivaganga,9.960306580645158,78.56535729032255,622,1339101,5773,314270,113822,100.0,72.0,12.0
Tamil Nadu,Thanjavur,10.387692255892237,79.3194869107745,620,2405890,13495,555582,223044,103.0,74.0,12.0
Tamil Nadu,Theni,9.924066666666668,77.43458833333332,624,1245899,4667,312310,147529,99.0,70.0,12.0
Tamil Nadu,Thiruvallur,13.275858101752885,80.19724702864492,602,3728104,75634,909400,621907,99.0,75.0,16.0
Tamil Nadu,Thiruvarur,10.368927409395978,79.60322893959727,619,1264277,4416,303114,109580,102.0,75.0,10.0
Tamil Nadu,Tiruvannamalai,12.419318947368414,79.23265631578953,606,2464875,6445,549077,176242,99.0,66.0,10.0
Tamil Nadu,Vellore,12.784882632293078,79.02643283582084,605,3936331,20623,865913,417535,101.0,70.0,11.0
Tamil Nadu,Virudhunagar,9.468872195892564,77.87641469194315,625,1942288,10219,505950,235005,101.0,72.0,12.0
Tripura,Dhalai,23.781360477941163,91.94654283088232,291,378230,273,46875,5532,94.0,73.0,2.0
Tripura,North Tripura,24.121739755351683,92.17842538226292,292,693947,997,81601,19631,97.0,75.0,4.0
Tripura,South Tripura,23.211874098057383,91.6065807585568,290,876001,948,133744,20246,96.0,74.0,4.0
Tripura,West Tripura,23.780166241299337,91.41310788863107,289,1725739,6394,314567,103228,96.0,79.0,6.0
Uttar Pradesh,Agra,26.99512974910393,78.05278291517321,146,4418797,27183,536402,251013,87.0,61.0,7.0
Uttar Pradesh,Aligarh,27.93748576850093,78.00146831119557,143,3673889,13634,268120,153283,88.0,57.0,8.0
Uttar Pradesh,Allahabad,25.392038662316445,82.05172446982063,175,5954391,24122,391542,204357,90.0,62.0,12.0
Uttar Pradesh,Ambedkar Nagar,26.39119025974028,82.68282142857147,178,2397888,2509,99581,21512,98.0,62.0,13.0
Uttar Pradesh,Auraiya,26.66892394014961,79.42637057356607,162,1379545,2404,65479,32687,86.0,67.0,8.0
Uttar Pradesh,Azamgarh,26.008290954773837,83.01220251256285,191,4613913,6652,183381,49699,102.0,60.0,6.0
Uttar Pradesh,Baghpat,29.045793499999988,77.30266300000001,139,1303048,2989,119121,44732,86.0,61.0,6.0
Uttar Pradesh,Bahraich,27.691776300578027,81.46779783237004,180,3487731,2681,85814,38940,89.0,40.0,3.0
Uttar Pradesh,Ballia,25.86075638297873,84.03651978723408,193,3239774,4672,119972,62157,94.0,61.0,10.0
Uttar Pradesh,Balrampur,27.449076537911324,82.47158326180256,182,2148665,1551,57400,16229,93.0,40.0,4.0
Uttar Pradesh,Banda,25.351885902503284,80.52487391304344,170,1799410,1655,73522,26907,86.0,56.0,6.0
Uttar Pradesh,Bara Banki,26.922777025232424,81.35762350597606,176,3260699,3159,108116,60554,91.0,52.0,7.0
Uttar Pradesh,Bareilly,28.51101940789474,79.43187072368416,150,4448359,15164,272830,210687,89.0,49.0,7.0
Uttar Pradesh,Basti,26.833880454545447,82.69790590909092,185,2464464,3423,108101,37593,96.0,57.0,10.0
Uttar Pradesh,Bijnor,29.313974259681096,78.45098815489754,134,3682713,7303,268353,128042,92.0,58.0,7.0
Uttar Pradesh,Bulandshahr,28.34875862068968,78.01082758620684,142,3499171,7865,223922,124641,90.0,58.0,7.0
Uttar Pradesh,Chandauli,25.1180859611231,83.25307062634984,196,1952756,3492,99602,32433,92.0,60.0,8.0
Uttar Pradesh,Chitrakoot,25.159924623803,81.07666087551297,171,991730,827,41046,11637,88.0,54.0,7.0
Uttar Pradesh,Deoria,26.42218856548857,83.8244070686071,190,3100946,4469,150001,60348,102.0,60.0,10.0
Uttar Pradesh,Etah,27.591155309734443,78.70021858407083,201,1774480,2635,69591,37027,87.0,59.0,8.0
Uttar Pradesh,Etawah,26.78817670157068,79.07621806282728,161,1581810,2964,113098,47520,87.0,67.0,11.0
Uttar Pradesh,Faizabad,26.60589185185181,82.00783530864202,177,2470996,4746,127754,58328,96.0,59.0,12.0
Uttar Pradesh,Farrukhabad,27.45063297872342,79.4406284574468,159,1885204,2624,88081,59209,87.0,58.0,10.0
Uttar Pradesh,Fatehpur,25.8374362030905,80.85416203090509,172,2632733,3385,75263,43492,90.0,57.0,8.0
Uttar Pradesh,Firozabad,27.20963993055552,78.42660624999998,147,2498156,5834,196080,100919,88.0,61.0,7.0
Uttar Pradesh,Gautam Buddha Nagar,28.393311038961038,77.52462467532465,141,1648115,53181,257586,193902,85.0,68.0,9.0
Uttar Pradesh,Ghaziabad,28.74997308584685,77.67441879350343,140,4681645,78116,695130,501592,88.0,67.0,8.0
Uttar Pradesh,Ghazipur,25.624724775583484,83.5360854578097,195,3620268,5309,105767,36798,95.0,61.0,8.0
Uttar Pradesh,Gonda,27.157215552099505,82.0226888024882,183,3433919,4313,104084,45517,92.0,49.0,7.0
Uttar Pradesh,Gorakhpur,26.63315886792452,83.3549560377358,188,4440895,14597,296619,149727,95.0,61.0,10.0
Uttar Pradesh,Hamirpur,25.738158381502892,79.82619479768789,28,454768,2521,104120,34978,110.0,79.0,10.0
Uttar Pradesh,Hamirpur,25.738158381502892,79.82619479768789,168,1104285,1196,55929,20175,86.0,59.0,9.0
Uttar Pradesh,Hardoi,27.337409090909137,80.26411767676768,155,4092845,3845,95508,60689,87.0,54.0,5.0
Uttar Pradesh,Jalaun,26.067954587155988,79.36686911314993,165,1689974,2217,104176,42616,87.0,64.0,10.0
Uttar Pradesh,Jaunpur,25.70141280913127,82.54315351934063,194,4494204,8002,181467,56508,102.0,61.0,9.0
Uttar Pradesh,Jhansi,25.45581535234902,78.89954580536917,166,1998603,8517,183340,94342,89.0,65.0,7.0
Uttar Pradesh,Jyotiba Phule Nagar,28.870498984771597,78.39009365482241,137,1840221,2825,89329,55064,91.0,53.0,7.0
Uttar Pradesh,Kannauj,26.993988617886185,79.64437940379408,160,1656616,2488,61491,32510,88.0,61.0,9.0
Uttar Pradesh,Kanpur Dehat,26.43047641196011,79.98710083056478,163,1796184,2682,49753,23831,86.0,65.0,8.0
Uttar Pradesh,Kaushambi,25.53587532051282,81.41811282051287,174,1599596,1503,43753,22034,91.0,51.0,6.0
Uttar Pradesh,Kushinagar,26.892530675909864,83.92261542461007,189,3564544,3486,127331,29304,96.0,55.0,6.0
Uttar Pradesh,Lalitpur,24.58877161016945,78.60082330508473,167,1221592,1079,77082,20720,91.0,52.0,5.0
Uttar Pradesh,Lucknow,26.838233589251463,80.89706026871404,157,4589838,68506,582769,469747,92.0,68.0,20.0
Uttar Pradesh,Mahoba,25.34529670138888,79.67863003472216,169,875958,1316,42936,12874,88.0,56.0,8.0
Uttar Pradesh,Mainpuri,27.17386862302482,79.03501851015807,148,1868529,2642,79022,43074,88.0,64.0,9.0
Uttar Pradesh,Mathura,27.59390432801821,77.62153416856502,145,2547184,8726,281239,107867,86.0,59.0,7.0
Uttar Pradesh,Mau,26.01082203791469,83.50582654028433,192,2205968,2656,149908,40087,98.0,62.0,11.0
Uttar Pradesh,Meerut,29.02957625698323,77.80611005586593,138,3443689,23717,425624,236071,89.0,62.0,13.0
Uttar Pradesh,Mirzapur,25.10207959183675,82.60126628571429,199,2496970,4447,145997,43500,90.0,57.0,10.0
Uttar Pradesh,Moradabad,28.851770406189537,78.73580193423597,135,4772006,11690,281758,179473,91.0,47.0,8.0
Uttar Pradesh,Muzaffarnagar,29.470507977736563,77.64017847866423,133,4143512,10077,368153,147785,89.0,58.0,4.0
Uttar Pradesh,Pilibhit,28.52024175035868,79.90103974175037,151,2031007,2870,83006,47723,89.0,52.0,6.0
Uttar Pradesh,Pratapgarh,25.864842731707316,81.93530048780492,131,867848,716,71612,17984,98.0,46.0,5.0
Uttar Pradesh,Pratapgarh,25.864842731707316,81.93530048780492,173,3209141,5149,140538,46358,100.0,60.0,10.0
Uttar Pradesh,Rae Bareli,26.253902840059787,81.22260463378181,158,3405559,5184,247856,65080,94.0,58.0,8.0
Uttar Pradesh,Rampur,28.83244727272725,79.10977333333337,136,2335819,3847,131112,62281,91.0,45.0,4.0
Uttar Pradesh,Saharanpur,30.03381165217392,77.59905147826095,132,3466382,9699,404499,149035,89.0,60.0,7.0
Uttar Pradesh,Sant Kabir Nagar,26.791596516393444,83.0387764344262,186,1715183,2031,79525,17671,97.0,56.0,7.0
Uttar Pradesh,Shahjahanpur,27.991389350649328,79.8302275324675,152,3006538,3889,115163,91958,87.0,50.0,6.0
Uttar Pradesh,Sitapur,27.501995963091108,80.85288881199547,154,4483992,3874,102040,74072,89.0,51.0,6.0
Uttar Pradesh,Sonbhadra,24.46693268858798,83.06816324951639,200,1862559,5149,95582,40467,92.0,53.0,6.0
Uttar Pradesh,Sultanpur,26.2846386419753,82.05710456790123,179,3797117,5956,233701,55055,98.0,59.0,8.0
Uttar Pradesh,Unnao,26.63163990895297,80.636773292868,156,3108367,3476,99466,70484,91.0,57.0,6.0
Uttar Pradesh,Varanasi,25.36057088888889,82.82529666666672,197,3676841,19214,336056,202055,91.0,65.0,12.0
Uttaranchal,Almora,29.683532133676103,79.50165064267351,64,622506,1830,109876,40199,114.0,70.0,9.0
Uttaranchal,Bageshwar,29.98703393393397,79.83954354354357,63,259898,435,47083,13352,109.0,69.0,6.0
Uttaranchal,Chamoli,30.58338611464965,79.56281095541402,57,391605,899,71524,27853,102.0,72.0,10.0
Uttaranchal,Champawat,29.29142393939393,80.07720212121217,65,259648,548,37725,18785,98.0,68.0,9.0
Uttaranchal,Pithoragarh,30.14720631868129,80.34229230769236,62,483439,1344,95421,45365,102.0,71.0,8.0
Uttaranchal,Tehri Garhwal,30.463700918635173,78.48783792650917,59,618931,1366,117239,50929,108.0,66.0,8.0
Uttaranchal,Udham Singh Nagar,29.02779577677222,79.45629004524895,67,1648902,7883,254802,116576,92.0,63.0,11.0
Uttaranchal,Uttarkashi,30.968958552036234,78.56880615384617,56,330086,602,52621,21374,96.0,65.0,9.0
West Bengal,Bankura,23.081280892857155,87.12640053571437,339,3596674,4273,334670,45126,96.0,62.0,6.0
West Bengal,Barddhaman,23.444453888888884,87.8150581111111,335,7717563,32323,1049943,292585,95.0,68.0,8.0
West Bengal,Birbhum,24.06389342723,87.65153089201888,334,3502404,5210,333752,57010,96.0,62.0,5.0
West Bengal,Dakshin Dinajpur,25.342094363021435,88.69821679819614,331,1676276,2518,168069,37186,96.0,65.0,5.0
West Bengal,Darjiling,26.839619571045585,88.33145067024122,327,1846823,10943,297176,141897,97.0,71.0,8.0
West Bengal,Haora,22.401674174428507,87.99421176968654,341,4850029,30751,796953,325053,94.0,74.0,8.0
West Bengal,Hugli,22.87929264705881,88.00010264705891,338,5519145,31725,965258,319815,96.0,74.0,9.0
West Bengal,Jalpaiguri,26.62642031250004,89.04154375000003,328,3872846,9322,382500,138522,95.0,65.0,5.0
West Bengal,Kolkata,22.550581481481483,88.3527648148148,342,4496694,136618,927602,623579,91.0,80.0,19.0
West Bengal,Maldah,25.08026802575105,88.17191684549356,332,3988845,5357,297716,54213,94.0,52.0,4.0
West Bengal,Murshidabad,24.25950655391121,88.16816860465121,333,7103807,7951,541169,92742,96.0,57.0,4.0
West Bengal,Nadia,23.56410971055088,88.58293034547152,336,5167600,12787,623729,168314,95.0,67.0,6.0
West Bengal,Puruliya,23.254192328767108,86.3968532876713,340,2930115,3551,189889,30675,96.0,55.0,5.0
West Bengal,Uttar Dinajpur,26.044619165196977,88.23595232216337,330,3007134,2883,199307,39138,94.0,50.0,4.0
